{"dim": 80, "means": [10.422951698303223, 10.86209774017334, 11.764544486999512, 12.490164756774902, 13.259830474853516, 13.895943641662598, 14.364940643310547, 14.593948364257812, 14.749723434448242, 14.668314933776855, 14.730796813964844, 14.775052070617676, 14.989051818847656, 15.17800521850586, 15.253520011901855, 15.32863712310791, 15.33401870727539, 15.288641929626465, 15.427661895751953, 15.24626636505127, 15.092574119567871, 15.290421485900879, 15.075750350952148, 15.186773300170898, 15.08867359161377, 15.170797348022461, 15.070178031921387, 15.150794982910156, 15.108532905578613, 15.115345001220703, 15.141280174255371, 15.131832122802734, 15.145195960998535, 15.191518783569336, 15.235478401184082, 15.30636978149414, 15.373021125793457, 15.416394233703613, 15.459856986999512, 15.391432762145996, 15.463576316833496, 15.39966106414795, 15.462907791137695, 15.441629409790039, 15.484969139099121, 15.552401542663574, 15.638092041015625, 15.705489158630371, 15.767008781433105, 15.855123519897461, 15.867269515991211, 15.8915376663208, 15.923145294189453, 15.97838306427002, 16.014801025390625, 16.048675537109375, 16.082029342651367, 16.096799850463867, 16.09373664855957, 16.072479248046875, 16.075510025024414, 16.02227020263672, 15.976761817932129, 15.89786434173584, 15.81274127960205, 15.71120548248291, 15.604198455810547, 15.553519248962402, 15.510252952575684, 15.460023880004883, 15.415684700012207, 15.376028060913086, 15.328349113464355, 15.295371055603027, 15.185470581054688, 15.017045021057129, 14.90507984161377, 14.623806953430176, 14.138093948364258, 13.313870429992676], "inverse_std_variances": [0.24949808418750763, 0.23563234508037567, 0.23145152628421783, 0.23322339355945587, 0.23182660341262817, 0.2285335659980774, 0.22434869408607483, 0.21898920834064484, 0.21832437813282013, 0.2208259254693985, 0.22296735644340515, 0.2228841632604599, 0.22234810888767242, 0.22100642323493958, 0.21994201838970184, 0.22005443274974823, 0.2207009196281433, 0.22150810062885284, 0.22236667573451996, 0.22305291891098022, 0.22335341572761536, 0.22438906133174896, 0.22547701001167297, 0.22690075635910034, 0.22823023796081543, 0.22931471467018127, 0.2304672747850418, 0.23083552718162537, 0.23143382370471954, 0.23220659792423248, 0.23257988691329956, 0.23361970484256744, 0.23437240719795227, 0.23508252203464508, 0.23578079044818878, 0.23589199781417847, 0.2360209822654724, 0.23663799464702606, 0.23749876022338867, 0.2379845231771469, 0.2389937788248062, 0.23974815011024475, 0.24030835926532745, 0.24097692966461182, 0.24143248796463013, 0.24135465919971466, 0.24079938232898712, 0.24047406017780304, 0.23995524644851685, 0.23952287435531616, 0.2394808828830719, 0.2393650859594345, 0.2392933964729309, 0.23902198672294617, 0.23857873678207397, 0.23814702033996582, 0.23804621398448944, 0.23824194073677063, 0.238600954413414, 0.23915407061576843, 0.23922540247440338, 0.23938308656215668, 0.23973360657691956, 0.2396056205034256, 0.2402850240468979, 0.24061813950538635, 0.2406792938709259, 0.24096201360225677, 0.24043606221675873, 0.2402152717113495, 0.23972514271736145, 0.23871998488903046, 0.2374413162469864, 0.23619508743286133, 0.23337280750274658, 0.22680233418941498, 0.22577503323554993, 0.22503846883773804, 0.22631137073040009, 0.2289949357509613]}